[{"model": "admin.logentry", "pk": 1, "fields": {"action_time": "2022-12-04T16:21:36.507Z", "user": 1, "content_type": 7, "object_id": "1", "object_repr": "Боевик", "action_flag": 1, "change_message": "[{\"added\": {}}]"}}, {"model": "admin.logentry", "pk": 2, "fields": {"action_time": "2022-12-04T16:21:40.227Z", "user": 1, "content_type": 7, "object_id": "2", "object_repr": "Приключения", "action_flag": 1, "change_message": "[{\"added\": {}}]"}}, {"model": "admin.logentry", "pk": 3, "fields": {"action_time": "2022-12-04T16:21:44.625Z", "user": 1, "content_type": 7, "object_id": "3", "object_repr": "Шутер", "action_flag": 1, "change_message": "[{\"added\": {}}]"}}, {"model": "admin.logentry", "pk": 4, "fields": {"action_time": "2022-12-04T16:21:48.386Z", "user": 1, "content_type": 7, "object_id": "4", "object_repr": "Спорт", "action_flag": 1, "change_message": "[{\"added\": {}}]"}}, {"model": "admin.logentry", "pk": 5, "fields": {"action_time": "2022-12-04T16:21:52.430Z", "user": 1, "content_type": 7, "object_id": "5", "object_repr": "Симулятор", "action_flag": 1, "change_message": "[{\"added\": {}}]"}}, {"model": "admin.logentry", "pk": 6, "fields": {"action_time": "2022-12-04T16:21:58.614Z", "user": 1, "content_type": 7, "object_id": "6", "object_repr": "Ролевая игра", "action_flag": 1, "change_message": "[{\"added\": {}}]"}}, {"model": "admin.logentry", "pk": 7, "fields": {"action_time": "2022-12-04T16:22:02.318Z", "user": 1, "content_type": 7, "object_id": "7", "object_repr": "Ужасы", "action_flag": 1, "change_message": "[{\"added\": {}}]"}}, {"model": "admin.logentry", "pk": 8, "fields": {"action_time": "2022-12-04T16:22:13.556Z", "user": 1, "content_type": 7, "object_id": "7", "object_repr": "Хорроры", "action_flag": 2, "change_message": "[{\"changed\": {\"fields\": [\"\\u0416\\u0430\\u043d\\u0440\", \"Url\"]}}]"}}, {"model": "admin.logentry", "pk": 9, "fields": {"action_time": "2022-12-04T16:22:29.075Z", "user": 1, "content_type": 7, "object_id": "8", "object_repr": "Аркада", "action_flag": 1, "change_message": "[{\"added\": {}}]"}}, {"model": "admin.logentry", "pk": 10, "fields": {"action_time": "2022-12-04T16:22:59.877Z", "user": 1, "content_type": 7, "object_id": "9", "object_repr": "Стратегия", "action_flag": 1, "change_message": "[{\"added\": {}}]"}}, {"model": "admin.logentry", "pk": 11, "fields": {"action_time": "2022-12-04T16:23:12.006Z", "user": 1, "content_type": 7, "object_id": "7", "object_repr": "Хоррор", "action_flag": 2, "change_message": "[{\"changed\": {\"fields\": [\"\\u0416\\u0430\\u043d\\u0440\", \"Url\"]}}]"}}, {"model": "admin.logentry", "pk": 12, "fields": {"action_time": "2022-12-04T16:23:26.366Z", "user": 1, "content_type": 7, "object_id": "10", "object_repr": "Пазл", "action_flag": 1, "change_message": "[{\"added\": {}}]"}}, {"model": "admin.logentry", "pk": 13, "fields": {"action_time": "2022-12-04T16:23:35.983Z", "user": 1, "content_type": 7, "object_id": "11", "object_repr": "Казуал", "action_flag": 1, "change_message": "[{\"added\": {}}]"}}, {"model": "admin.logentry", "pk": 14, "fields": {"action_time": "2022-12-04T16:23:43.626Z", "user": 1, "content_type": 7, "object_id": "12", "object_repr": "Драки", "action_flag": 1, "change_message": "[{\"added\": {}}]"}}, {"model": "admin.logentry", "pk": 15, "fields": {"action_time": "2022-12-04T16:24:25.887Z", "user": 1, "content_type": 8, "object_id": "1", "object_repr": "PS4", "action_flag": 1, "change_message": "[{\"added\": {}}]"}}, {"model": "admin.logentry", "pk": 16, "fields": {"action_time": "2022-12-04T16:24:29.324Z", "user": 1, "content_type": 8, "object_id": "2", "object_repr": "PS3", "action_flag": 1, "change_message": "[{\"added\": {}}]"}}, {"model": "admin.logentry", "pk": 17, "fields": {"action_time": "2022-12-04T16:24:32.107Z", "user": 1, "content_type": 8, "object_id": "3", "object_repr": "PS5", "action_flag": 1, "change_message": "[{\"added\": {}}]"}}, {"model": "admin.logentry", "pk": 18, "fields": {"action_time": "2022-12-04T16:24:33.997Z", "user": 1, "content_type": 8, "object_id": "4", "object_repr": "PC", "action_flag": 1, "change_message": "[{\"added\": {}}]"}}, {"model": "admin.logentry", "pk": 19, "fields": {"action_time": "2022-12-04T16:24:38.649Z", "user": 1, "content_type": 8, "object_id": "5", "object_repr": "PSP", "action_flag": 1, "change_message": "[{\"added\": {}}]"}}, {"model": "admin.logentry", "pk": 20, "fields": {"action_time": "2022-12-04T17:35:36.584Z", "user": 1, "content_type": 9, "object_id": "1", "object_repr": "God of War Ragnarök PS4", "action_flag": 1, "change_message": "[{\"added\": {}}]"}}, {"model": "admin.logentry", "pk": 21, "fields": {"action_time": "2022-12-04T17:36:20.888Z", "user": 1, "content_type": 9, "object_id": "2", "object_repr": "God of War Ragnarök PS5", "action_flag": 1, "change_message": "[{\"added\": {}}]"}}, {"model": "admin.logentry", "pk": 22, "fields": {"action_time": "2022-12-04T17:37:05.116Z", "user": 1, "content_type": 9, "object_id": "1", "object_repr": "God of War Ragnarök Standard Edition PS4", "action_flag": 2, "change_message": "[{\"changed\": {\"fields\": [\"\\u041d\\u0430\\u0437\\u0432\\u0430\\u043d\\u0438\\u0435 \\u0438\\u0433\\u0440\\u044b\"]}}]"}}, {"model": "admin.logentry", "pk": 23, "fields": {"action_time": "2022-12-04T17:37:14.583Z", "user": 1, "content_type": 9, "object_id": "2", "object_repr": "God of War Ragnarök PS5", "action_flag": 2, "change_message": "[{\"changed\": {\"fields\": [\"content\"]}}]"}}, {"model": "admin.logentry", "pk": 24, "fields": {"action_time": "2022-12-04T17:37:19.474Z", "user": 1, "content_type": 9, "object_id": "1", "object_repr": "God of War Ragnarök PS4", "action_flag": 2, "change_message": "[{\"changed\": {\"fields\": [\"\\u041d\\u0430\\u0437\\u0432\\u0430\\u043d\\u0438\\u0435 \\u0438\\u0433\\u0440\\u044b\"]}}]"}}, {"model": "admin.logentry", "pk": 25, "fields": {"action_time": "2022-12-04T17:37:26.061Z", "user": 1, "content_type": 9, "object_id": "1", "object_repr": "God of War Ragnarök PS4", "action_flag": 2, "change_message": "[{\"changed\": {\"fields\": [\"content\"]}}]"}}, {"model": "admin.logentry", "pk": 26, "fields": {"action_time": "2022-12-04T17:37:32.322Z", "user": 1, "content_type": 9, "object_id": "1", "object_repr": "God of War Ragnarök SE PS4", "action_flag": 2, "change_message": "[{\"changed\": {\"fields\": [\"\\u041d\\u0430\\u0437\\u0432\\u0430\\u043d\\u0438\\u0435 \\u0438\\u0433\\u0440\\u044b\"]}}]"}}, {"model": "admin.logentry", "pk": 27, "fields": {"action_time": "2022-12-04T17:37:36.720Z", "user": 1, "content_type": 9, "object_id": "2", "object_repr": "God of War Ragnarök SE PS5", "action_flag": 2, "change_message": "[{\"changed\": {\"fields\": [\"\\u041d\\u0430\\u0437\\u0432\\u0430\\u043d\\u0438\\u0435 \\u0438\\u0433\\u0440\\u044b\"]}}]"}}, {"model": "admin.logentry", "pk": 28, "fields": {"action_time": "2022-12-04T17:39:57.228Z", "user": 1, "content_type": 9, "object_id": "3", "object_repr": "FIFA 23 SE PS4", "action_flag": 1, "change_message": "[{\"added\": {}}]"}}, {"model": "admin.logentry", "pk": 29, "fields": {"action_time": "2022-12-04T17:40:02.341Z", "user": 1, "content_type": 9, "object_id": "1", "object_repr": "God of War Ragnarök SE PS4", "action_flag": 2, "change_message": "[{\"changed\": {\"fields\": [\"content\"]}}]"}}, {"model": "admin.logentry", "pk": 30, "fields": {"action_time": "2022-12-04T17:40:06.959Z", "user": 1, "content_type": 9, "object_id": "2", "object_repr": "God of War Ragnarök SE PS5", "action_flag": 2, "change_message": "[{\"changed\": {\"fields\": [\"content\"]}}]"}}, {"model": "admin.logentry", "pk": 31, "fields": {"action_time": "2022-12-04T17:40:42.032Z", "user": 1, "content_type": 9, "object_id": "4", "object_repr": "FIFA 23 SE PS5", "action_flag": 1, "change_message": "[{\"added\": {}}]"}}, {"model": "admin.logentry", "pk": 32, "fields": {"action_time": "2022-12-04T17:42:28.567Z", "user": 1, "content_type": 9, "object_id": "5", "object_repr": "Call of Duty®: Modern Warfare® II - Cross-Gen Bundle", "action_flag": 1, "change_message": "[{\"added\": {}}]"}}, {"model": "admin.logentry", "pk": 33, "fields": {"action_time": "2022-12-04T17:43:14.426Z", "user": 1, "content_type": 9, "object_id": "5", "object_repr": "Call of Duty®: Modern Warfare® II - Cross-Gen Bundle", "action_flag": 2, "change_message": "[{\"changed\": {\"fields\": [\"\\u0424\\u043e\\u0442\\u043e\"]}}]"}}, {"model": "admin.logentry", "pk": 34, "fields": {"action_time": "2022-12-04T18:20:06.186Z", "user": 1, "content_type": 9, "object_id": "6", "object_repr": "Elden Ring SE PS4", "action_flag": 1, "change_message": "[{\"added\": {}}]"}}, {"model": "admin.logentry", "pk": 35, "fields": {"action_time": "2022-12-04T18:20:19.364Z", "user": 1, "content_type": 9, "object_id": "6", "object_repr": "Elden Ring SE PS4", "action_flag": 2, "change_message": "[{\"changed\": {\"fields\": [\"Platform\"]}}]"}}, {"model": "admin.logentry", "pk": 36, "fields": {"action_time": "2022-12-04T18:22:38.232Z", "user": 1, "content_type": 9, "object_id": "7", "object_repr": "Resident Evil 4 SE PS4", "action_flag": 1, "change_message": "[{\"added\": {}}]"}}, {"model": "admin.logentry", "pk": 37, "fields": {"action_time": "2022-12-04T18:23:07.597Z", "user": 1, "content_type": 9, "object_id": "6", "object_repr": "Elden Ring SE PS4", "action_flag": 2, "change_message": "[{\"changed\": {\"fields\": [\"\\u0424\\u043e\\u0442\\u043e\"]}}]"}}, {"model": "admin.logentry", "pk": 38, "fields": {"action_time": "2022-12-04T18:23:31.082Z", "user": 1, "content_type": 9, "object_id": "4", "object_repr": "FIFA 23 SE PS5", "action_flag": 2, "change_message": "[{\"changed\": {\"fields\": [\"\\u0424\\u043e\\u0442\\u043e\"]}}]"}}, {"model": "admin.logentry", "pk": 39, "fields": {"action_time": "2022-12-06T19:50:06.726Z", "user": 1, "content_type": 7, "object_id": "8", "object_repr": "Аркада", "action_flag": 2, "change_message": "[{\"changed\": {\"fields\": [\"Url\"]}}]"}}, {"model": "admin.logentry", "pk": 40, "fields": {"action_time": "2022-12-06T19:51:02.411Z", "user": 1, "content_type": 7, "object_id": "1", "object_repr": "Боевик", "action_flag": 2, "change_message": "[{\"changed\": {\"fields\": [\"Url\"]}}]"}}, {"model": "admin.logentry", "pk": 41, "fields": {"action_time": "2022-12-06T19:51:08.036Z", "user": 1, "content_type": 7, "object_id": "12", "object_repr": "Драки", "action_flag": 2, "change_message": "[{\"changed\": {\"fields\": [\"Url\"]}}]"}}, {"model": "admin.logentry", "pk": 42, "fields": {"action_time": "2022-12-06T19:51:12.689Z", "user": 1, "content_type": 7, "object_id": "11", "object_repr": "Казуал", "action_flag": 2, "change_message": "[{\"changed\": {\"fields\": [\"Url\"]}}]"}}, {"model": "admin.logentry", "pk": 43, "fields": {"action_time": "2022-12-06T19:51:52.314Z", "user": 1, "content_type": 7, "object_id": "10", "object_repr": "Пазл", "action_flag": 2, "change_message": "[{\"changed\": {\"fields\": [\"Url\"]}}]"}}, {"model": "admin.logentry", "pk": 44, "fields": {"action_time": "2022-12-06T19:51:58.696Z", "user": 1, "content_type": 7, "object_id": "2", "object_repr": "Приключения", "action_flag": 2, "change_message": "[{\"changed\": {\"fields\": [\"Url\"]}}]"}}, {"model": "admin.logentry", "pk": 45, "fields": {"action_time": "2022-12-06T19:52:06.038Z", "user": 1, "content_type": 7, "object_id": "6", "object_repr": "Ролевая игра", "action_flag": 2, "change_message": "[{\"changed\": {\"fields\": [\"Url\"]}}]"}}, {"model": "admin.logentry", "pk": 46, "fields": {"action_time": "2022-12-06T19:52:57.407Z", "user": 1, "content_type": 7, "object_id": "5", "object_repr": "Симулятор", "action_flag": 2, "change_message": "[{\"changed\": {\"fields\": [\"Url\"]}}]"}}, {"model": "admin.logentry", "pk": 47, "fields": {"action_time": "2022-12-06T19:53:01.805Z", "user": 1, "content_type": 7, "object_id": "4", "object_repr": "Спорт", "action_flag": 2, "change_message": "[]"}}, {"model": "admin.logentry", "pk": 48, "fields": {"action_time": "2022-12-06T19:53:08.650Z", "user": 1, "content_type": 7, "object_id": "9", "object_repr": "Стратегия", "action_flag": 2, "change_message": "[{\"changed\": {\"fields\": [\"Url\"]}}]"}}, {"model": "admin.logentry", "pk": 49, "fields": {"action_time": "2022-12-06T19:53:11.508Z", "user": 1, "content_type": 7, "object_id": "7", "object_repr": "Хоррор", "action_flag": 2, "change_message": "[]"}}, {"model": "admin.logentry", "pk": 50, "fields": {"action_time": "2022-12-06T19:53:37.636Z", "user": 1, "content_type": 7, "object_id": "3", "object_repr": "Шутер", "action_flag": 2, "change_message": "[{\"changed\": {\"fields\": [\"Url\"]}}]"}}, {"model": "admin.logentry", "pk": 51, "fields": {"action_time": "2022-12-06T19:55:41.897Z", "user": 1, "content_type": 9, "object_id": "1", "object_repr": "God of War Ragnarök SE PS4", "action_flag": 2, "change_message": "[{\"changed\": {\"fields\": [\"Genre\"]}}]"}}, {"model": "admin.logentry", "pk": 52, "fields": {"action_time": "2022-12-06T19:55:48.815Z", "user": 1, "content_type": 9, "object_id": "2", "object_repr": "God of War Ragnarök SE PS5", "action_flag": 2, "change_message": "[{\"changed\": {\"fields\": [\"Genre\"]}}]"}}, {"model": "admin.logentry", "pk": 53, "fields": {"action_time": "2022-12-08T16:03:41.957Z", "user": 1, "content_type": 10, "object_id": "1", "object_repr": "Хуета", "action_flag": 1, "change_message": "[{\"added\": {}}]"}}, {"model": "admin.logentry", "pk": 54, "fields": {"action_time": "2022-12-08T16:03:48.971Z", "user": 1, "content_type": 10, "object_id": "2", "object_repr": "Онлик", "action_flag": 1, "change_message": "[{\"added\": {}}]"}}, {"model": "admin.logentry", "pk": 55, "fields": {"action_time": "2022-12-08T16:04:18.978Z", "user": 1, "content_type": 10, "object_id": "3", "object_repr": "Швейцария", "action_flag": 1, "change_message": "[{\"added\": {}}]"}}, {"model": "admin.logentry", "pk": 56, "fields": {"action_time": "2022-12-08T16:04:25.092Z", "user": 1, "content_type": 10, "object_id": "4", "object_repr": "Хуйня", "action_flag": 1, "change_message": "[{\"added\": {}}]"}}, {"model": "admin.logentry", "pk": 57, "fields": {"action_time": "2022-12-10T12:50:14.634Z", "user": 1, "content_type": 11, "object_id": "1", "object_repr": "Природа", "action_flag": 1, "change_message": "[{\"added\": {}}]"}}, {"model": "admin.logentry", "pk": 58, "fields": {"action_time": "2022-12-10T12:50:20.810Z", "user": 1, "content_type": 11, "object_id": "2", "object_repr": "mountain", "action_flag": 1, "change_message": "[{\"added\": {}}]"}}, {"model": "admin.logentry", "pk": 59, "fields": {"action_time": "2022-12-10T12:50:25.064Z", "user": 1, "content_type": 11, "object_id": "3", "object_repr": "olen", "action_flag": 1, "change_message": "[{\"added\": {}}]"}}, {"model": "admin.logentry", "pk": 60, "fields": {"action_time": "2022-12-10T12:50:30.236Z", "user": 1, "content_type": 11, "object_id": "4", "object_repr": "slovenia", "action_flag": 1, "change_message": "[{\"added\": {}}]"}}, {"model": "admin.logentry", "pk": 61, "fields": {"action_time": "2022-12-13T20:39:22.594Z", "user": 1, "content_type": 11, "object_id": "2", "object_repr": "mountain", "action_flag": 3, "change_message": ""}}, {"model": "admin.logentry", "pk": 62, "fields": {"action_time": "2022-12-13T21:13:54.045Z", "user": 1, "content_type": 7, "object_id": "10", "object_repr": "Пазлы", "action_flag": 2, "change_message": "[{\"changed\": {\"fields\": [\"\\u0416\\u0430\\u043d\\u0440\"]}}]"}}, {"model": "admin.logentry", "pk": 63, "fields": {"action_time": "2022-12-15T17:20:54.821Z", "user": 1, "content_type": 9, "object_id": "5", "object_repr": "Call of Duty®: Modern Warfare® II - Cross-Gen Bundle", "action_flag": 2, "change_message": "[{\"changed\": {\"fields\": [\"\\u041d\\u0430\\u043b\\u0438\\u0447\\u0438\\u0435\"]}}]"}}, {"model": "admin.logentry", "pk": 64, "fields": {"action_time": "2022-12-15T17:21:04.308Z", "user": 1, "content_type": 9, "object_id": "5", "object_repr": "Call of Duty®: Modern Warfare® II - Cross-Gen Bundle", "action_flag": 2, "change_message": "[{\"changed\": {\"fields\": [\"\\u041d\\u0430\\u043b\\u0438\\u0447\\u0438\\u0435\"]}}]"}}, {"model": "admin.logentry", "pk": 65, "fields": {"action_time": "2022-12-22T14:43:51.790Z", "user": 1, "content_type": 14, "object_id": "6", "object_repr": "Заказ 6", "action_flag": 3, "change_message": ""}}, {"model": "admin.logentry", "pk": 66, "fields": {"action_time": "2022-12-22T14:43:51.810Z", "user": 1, "content_type": 14, "object_id": "5", "object_repr": "Заказ 5", "action_flag": 3, "change_message": ""}}, {"model": "admin.logentry", "pk": 67, "fields": {"action_time": "2022-12-22T14:43:51.826Z", "user": 1, "content_type": 14, "object_id": "4", "object_repr": "Заказ 4", "action_flag": 3, "change_message": ""}}, {"model": "admin.logentry", "pk": 68, "fields": {"action_time": "2022-12-22T14:43:51.843Z", "user": 1, "content_type": 14, "object_id": "3", "object_repr": "Заказ 3", "action_flag": 3, "change_message": ""}}, {"model": "admin.logentry", "pk": 69, "fields": {"action_time": "2022-12-22T14:43:51.859Z", "user": 1, "content_type": 14, "object_id": "2", "object_repr": "Заказ 2", "action_flag": 3, "change_message": ""}}, {"model": "admin.logentry", "pk": 70, "fields": {"action_time": "2022-12-22T14:43:51.877Z", "user": 1, "content_type": 14, "object_id": "1", "object_repr": "Заказ 1", "action_flag": 3, "change_message": ""}}, {"model": "admin.logentry", "pk": 71, "fields": {"action_time": "2022-12-22T14:55:01.427Z", "user": 1, "content_type": 14, "object_id": "9", "object_repr": "Заказ 9", "action_flag": 3, "change_message": ""}}, {"model": "admin.logentry", "pk": 72, "fields": {"action_time": "2022-12-22T14:55:01.443Z", "user": 1, "content_type": 14, "object_id": "8", "object_repr": "Заказ 8", "action_flag": 3, "change_message": ""}}, {"model": "admin.logentry", "pk": 73, "fields": {"action_time": "2022-12-22T14:55:01.459Z", "user": 1, "content_type": 14, "object_id": "7", "object_repr": "Заказ 7", "action_flag": 3, "change_message": ""}}, {"model": "admin.logentry", "pk": 74, "fields": {"action_time": "2022-12-22T15:20:25.816Z", "user": 1, "content_type": 4, "object_id": "3", "object_repr": "roflanich", "action_flag": 3, "change_message": ""}}, {"model": "admin.logentry", "pk": 75, "fields": {"action_time": "2022-12-22T15:20:25.833Z", "user": 1, "content_type": 4, "object_id": "2", "object_repr": "user", "action_flag": 3, "change_message": ""}}, {"model": "admin.logentry", "pk": 76, "fields": {"action_time": "2022-12-22T15:20:25.848Z", "user": 1, "content_type": 4, "object_id": "4", "object_repr": "zxcocich", "action_flag": 3, "change_message": ""}}, {"model": "admin.logentry", "pk": 77, "fields": {"action_time": "2022-12-22T15:20:32.106Z", "user": 1, "content_type": 14, "object_id": "12", "object_repr": "Заказ 12", "action_flag": 3, "change_message": ""}}, {"model": "admin.logentry", "pk": 78, "fields": {"action_time": "2022-12-22T15:20:32.123Z", "user": 1, "content_type": 14, "object_id": "11", "object_repr": "Заказ 11", "action_flag": 3, "change_message": ""}}, {"model": "admin.logentry", "pk": 79, "fields": {"action_time": "2022-12-22T15:20:32.138Z", "user": 1, "content_type": 14, "object_id": "10", "object_repr": "Заказ 10", "action_flag": 3, "change_message": ""}}, {"model": "auth.permission", "pk": 1, "fields": {"name": "Can add log entry", "content_type": 1, "codename": "add_logentry"}}, {"model": "auth.permission", "pk": 2, "fields": {"name": "Can change log entry", "content_type": 1, "codename": "change_logentry"}}, {"model": "auth.permission", "pk": 3, "fields": {"name": "Can delete log entry", "content_type": 1, "codename": "delete_logentry"}}, {"model": "auth.permission", "pk": 4, "fields": {"name": "Can view log entry", "content_type": 1, "codename": "view_logentry"}}, {"model": "auth.permission", "pk": 5, "fields": {"name": "Can add permission", "content_type": 2, "codename": "add_permission"}}, {"model": "auth.permission", "pk": 6, "fields": {"name": "Can change permission", "content_type": 2, "codename": "change_permission"}}, {"model": "auth.permission", "pk": 7, "fields": {"name": "Can delete permission", "content_type": 2, "codename": "delete_permission"}}, {"model": "auth.permission", "pk": 8, "fields": {"name": "Can view permission", "content_type": 2, "codename": "view_permission"}}, {"model": "auth.permission", "pk": 9, "fields": {"name": "Can add group", "content_type": 3, "codename": "add_group"}}, {"model": "auth.permission", "pk": 10, "fields": {"name": "Can change group", "content_type": 3, "codename": "change_group"}}, {"model": "auth.permission", "pk": 11, "fields": {"name": "Can delete group", "content_type": 3, "codename": "delete_group"}}, {"model": "auth.permission", "pk": 12, "fields": {"name": "Can view group", "content_type": 3, "codename": "view_group"}}, {"model": "auth.permission", "pk": 13, "fields": {"name": "Can add user", "content_type": 4, "codename": "add_user"}}, {"model": "auth.permission", "pk": 14, "fields": {"name": "Can change user", "content_type": 4, "codename": "change_user"}}, {"model": "auth.permission", "pk": 15, "fields": {"name": "Can delete user", "content_type": 4, "codename": "delete_user"}}, {"model": "auth.permission", "pk": 16, "fields": {"name": "Can view user", "content_type": 4, "codename": "view_user"}}, {"model": "auth.permission", "pk": 17, "fields": {"name": "Can add content type", "content_type": 5, "codename": "add_contenttype"}}, {"model": "auth.permission", "pk": 18, "fields": {"name": "Can change content type", "content_type": 5, "codename": "change_contenttype"}}, {"model": "auth.permission", "pk": 19, "fields": {"name": "Can delete content type", "content_type": 5, "codename": "delete_contenttype"}}, {"model": "auth.permission", "pk": 20, "fields": {"name": "Can view content type", "content_type": 5, "codename": "view_contenttype"}}, {"model": "auth.permission", "pk": 21, "fields": {"name": "Can add session", "content_type": 6, "codename": "add_session"}}, {"model": "auth.permission", "pk": 22, "fields": {"name": "Can change session", "content_type": 6, "codename": "change_session"}}, {"model": "auth.permission", "pk": 23, "fields": {"name": "Can delete session", "content_type": 6, "codename": "delete_session"}}, {"model": "auth.permission", "pk": 24, "fields": {"name": "Can view session", "content_type": 6, "codename": "view_session"}}, {"model": "auth.permission", "pk": 25, "fields": {"name": "Can add Жанр", "content_type": 7, "codename": "add_genre"}}, {"model": "auth.permission", "pk": 26, "fields": {"name": "Can change Жанр", "content_type": 7, "codename": "change_genre"}}, {"model": "auth.permission", "pk": 27, "fields": {"name": "Can delete Жанр", "content_type": 7, "codename": "delete_genre"}}, {"model": "auth.permission", "pk": 28, "fields": {"name": "Can view Жанр", "content_type": 7, "codename": "view_genre"}}, {"model": "auth.permission", "pk": 29, "fields": {"name": "Can add Платформа", "content_type": 8, "codename": "add_platform"}}, {"model": "auth.permission", "pk": 30, "fields": {"name": "Can change Платформа", "content_type": 8, "codename": "change_platform"}}, {"model": "auth.permission", "pk": 31, "fields": {"name": "Can delete Платформа", "content_type": 8, "codename": "delete_platform"}}, {"model": "auth.permission", "pk": 32, "fields": {"name": "Can view Платформа", "content_type": 8, "codename": "view_platform"}}, {"model": "auth.permission", "pk": 33, "fields": {"name": "Can add Пост", "content_type": 9, "codename": "add_posts"}}, {"model": "auth.permission", "pk": 34, "fields": {"name": "Can change Пост", "content_type": 9, "codename": "change_posts"}}, {"model": "auth.permission", "pk": 35, "fields": {"name": "Can delete Пост", "content_type": 9, "codename": "delete_posts"}}, {"model": "auth.permission", "pk": 36, "fields": {"name": "Can view Пост", "content_type": 9, "codename": "view_posts"}}, {"model": "auth.permission", "pk": 37, "fields": {"name": "Can add rubric", "content_type": 10, "codename": "add_rubric"}}, {"model": "auth.permission", "pk": 38, "fields": {"name": "Can change rubric", "content_type": 10, "codename": "change_rubric"}}, {"model": "auth.permission", "pk": 39, "fields": {"name": "Can delete rubric", "content_type": 10, "codename": "delete_rubric"}}, {"model": "auth.permission", "pk": 40, "fields": {"name": "Can view rubric", "content_type": 10, "codename": "view_rubric"}}, {"model": "auth.permission", "pk": 41, "fields": {"name": "Can add carousel", "content_type": 11, "codename": "add_carousel"}}, {"model": "auth.permission", "pk": 42, "fields": {"name": "Can change carousel", "content_type": 11, "codename": "change_carousel"}}, {"model": "auth.permission", "pk": 43, "fields": {"name": "Can delete carousel", "content_type": 11, "codename": "delete_carousel"}}, {"model": "auth.permission", "pk": 44, "fields": {"name": "Can view carousel", "content_type": 11, "codename": "view_carousel"}}, {"model": "auth.permission", "pk": 45, "fields": {"name": "Can add captcha store", "content_type": 12, "codename": "add_captchastore"}}, {"model": "auth.permission", "pk": 46, "fields": {"name": "Can change captcha store", "content_type": 12, "codename": "change_captchastore"}}, {"model": "auth.permission", "pk": 47, "fields": {"name": "Can delete captcha store", "content_type": 12, "codename": "delete_captchastore"}}, {"model": "auth.permission", "pk": 48, "fields": {"name": "Can view captcha store", "content_type": 12, "codename": "view_captchastore"}}, {"model": "auth.permission", "pk": 49, "fields": {"name": "Can add order item", "content_type": 13, "codename": "add_orderitem"}}, {"model": "auth.permission", "pk": 50, "fields": {"name": "Can change order item", "content_type": 13, "codename": "change_orderitem"}}, {"model": "auth.permission", "pk": 51, "fields": {"name": "Can delete order item", "content_type": 13, "codename": "delete_orderitem"}}, {"model": "auth.permission", "pk": 52, "fields": {"name": "Can view order item", "content_type": 13, "codename": "view_orderitem"}}, {"model": "auth.permission", "pk": 53, "fields": {"name": "Can add Заказ", "content_type": 14, "codename": "add_order"}}, {"model": "auth.permission", "pk": 54, "fields": {"name": "Can change Заказ", "content_type": 14, "codename": "change_order"}}, {"model": "auth.permission", "pk": 55, "fields": {"name": "Can delete Заказ", "content_type": 14, "codename": "delete_order"}}, {"model": "auth.permission", "pk": 56, "fields": {"name": "Can view Заказ", "content_type": 14, "codename": "view_order"}}, {"model": "auth.user", "pk": 1, "fields": {"password": "pbkdf2_sha256$390000$zMQV8SLbJmdpeyCr0Ull1V$/Ax1Trfx2JMN8XMCRlLOGVScItztm7Se3NIfsLX3AxU=", "last_login": "2022-12-25T17:41:02.441Z", "is_superuser": true, "username": "zesshi", "first_name": "", "last_name": "", "email": "shalltear_ziegler@mail.ru", "is_staff": true, "is_active": true, "date_joined": "2022-12-03T19:04:34.112Z", "groups": [], "user_permissions": []}}, {"model": "contenttypes.contenttype", "pk": 1, "fields": {"app_label": "admin", "model": "logentry"}}, {"model": "contenttypes.contenttype", "pk": 2, "fields": {"app_label": "auth", "model": "permission"}}, {"model": "contenttypes.contenttype", "pk": 3, "fields": {"app_label": "auth", "model": "group"}}, {"model": "contenttypes.contenttype", "pk": 4, "fields": {"app_label": "auth", "model": "user"}}, {"model": "contenttypes.contenttype", "pk": 5, "fields": {"app_label": "contenttypes", "model": "contenttype"}}, {"model": "contenttypes.contenttype", "pk": 6, "fields": {"app_label": "sessions", "model": "session"}}, {"model": "contenttypes.contenttype", "pk": 7, "fields": {"app_label": "store", "model": "genre"}}, {"model": "contenttypes.contenttype", "pk": 8, "fields": {"app_label": "store", "model": "platform"}}, {"model": "contenttypes.contenttype", "pk": 9, "fields": {"app_label": "store", "model": "posts"}}, {"model": "contenttypes.contenttype", "pk": 10, "fields": {"app_label": "testapp", "model": "rubric"}}, {"model": "contenttypes.contenttype", "pk": 11, "fields": {"app_label": "store", "model": "carousel"}}, {"model": "contenttypes.contenttype", "pk": 12, "fields": {"app_label": "captcha", "model": "captchastore"}}, {"model": "contenttypes.contenttype", "pk": 13, "fields": {"app_label": "store", "model": "orderitem"}}, {"model": "contenttypes.contenttype", "pk": 14, "fields": {"app_label": "store", "model": "order"}}, {"model": "sessions.session", "pk": "734semdn1wf6pruakbraoninih9b6r8e", "fields": {"session_data": ".eJxVjjkOwyAURO9CHSGzfYzL9D6DxfKJnUQgAa4s3z1BcpG0896M5iCL3du67BXLsgUyEUZuv5mz_oWpg_C06ZGpz6mVzdGu0ItWOueA7_vl_g2stq7fdhyVcxZN0MYZ653WgEErJgQAH3DACAgAgkcpvOcyjhDlIIJiZpRc91e15YJkOs7zA23TO1o:1p9ZAK:8po_1zTXCLle2g8TKFP_DRYwzNEKFaO0ooaoqfd3quM", "expire_date": "2023-01-08T22:08:20.669Z"}}, {"model": "sessions.session", "pk": "feidsgp5w5qy7nq7320w4tf0zp6stz5g", "fields": {"session_data": "eyJzdG9yZSI6e319:1p8Qol:_wPN6aebrD09HREd36bdwP9c7U3VHpFYNBsP3xisxyQ", "expire_date": "2023-01-05T19:01:23.334Z"}}, {"model": "sessions.session", "pk": "sknhbis578n042fdblz6gnbvons1zpf1", "fields": {"session_data": ".eJxVjDsOgzAQBe-ydWTh3xpTpucMyJ91TBJhyYYKcfcEiYb2zczboa2lEgz78YDJbWuetkZ1miMMwOG2eRc-tJwgvt3yKiyUZa2zZ6fCLtrYWCJ9n5d7O8iu5X-deu29IxuN9dYFbwxSNJpLiSg66ighIaIUSckQhEo9JtXJqLntlTAcjh-bHzta:1p8Q1X:n84yH8TMsP0Jdiq3I7_Fnfm6UZvYWAM4f1zvN7bPbZA", "expire_date": "2023-01-05T18:10:31.512Z"}}, {"model": "store.genre", "pk": 1, "fields": {"title": "Боевик", "slug": "action"}}, {"model": "store.genre", "pk": 2, "fields": {"title": "Приключения", "slug": "adventure"}}, {"model": "store.genre", "pk": 3, "fields": {"title": "Шутер", "slug": "shooter"}}, {"model": "store.genre", "pk": 4, "fields": {"title": "Спорт", "slug": "sport"}}, {"model": "store.genre", "pk": 5, "fields": {"title": "Симулятор", "slug": "simulation"}}, {"model": "store.genre", "pk": 6, "fields": {"title": "Ролевая игра", "slug": "role-game"}}, {"model": "store.genre", "pk": 7, "fields": {"title": "Хоррор", "slug": "horror"}}, {"model": "store.genre", "pk": 8, "fields": {"title": "Аркада", "slug": "arcade"}}, {"model": "store.genre", "pk": 9, "fields": {"title": "Стратегия", "slug": "strategy"}}, {"model": "store.genre", "pk": 10, "fields": {"title": "Пазлы", "slug": "puzzle"}}, {"model": "store.genre", "pk": 11, "fields": {"title": "Казуал", "slug": "casual"}}, {"model": "store.genre", "pk": 12, "fields": {"title": "Драки", "slug": "fighter"}}, {"model": "store.platform", "pk": 1, "fields": {"title": "PS4", "slug": "ps4"}}, {"model": "store.platform", "pk": 2, "fields": {"title": "PS3", "slug": "ps3"}}, {"model": "store.platform", "pk": 3, "fields": {"title": "PS5", "slug": "ps5"}}, {"model": "store.platform", "pk": 4, "fields": {"title": "PC", "slug": "pc"}}, {"model": "store.platform", "pk": 5, "fields": {"title": "PSP", "slug": "psp"}}, {"model": "store.posts", "pk": 1, "fields": {"title": "God of War Ragnarök SE PS4", "slug": "god-of-war-ragnarok-ps4", "content": "<p>God of War Ragnar&ouml;k Standard Edition для PS4</p>\r\n\r\n<p>Покупка на турецкий аккаунт PSN</p>", "photo": "photos/2022/12/04/4xJ8XB3bi888QTLZYdl7Oi0s.webp", "views": 19, "price": "3800.00", "available": true, "genre": [12, 2], "platform": [1]}}, {"model": "store.posts", "pk": 2, "fields": {"title": "God of War Ragnarök SE PS5", "slug": "god-of-war-ragnarok-ps5", "content": "<p>God of War Ragnar&ouml;k Standard Edition для PS5</p>\r\n\r\n<p>Покупка на турецкий аккаунт PSN</p>", "photo": "photos/2022/12/04/4xJ8XB3bi888QTLZYdl7Oi0s_ZwpFpU6.webp", "views": 0, "price": "4400.00", "available": true, "genre": [12, 2], "platform": [3]}}, {"model": "store.posts", "pk": 3, "fields": {"title": "FIFA 23 SE PS4", "slug": "fifa-23-se-ps4", "content": "<p>FIFA 23 Standard Edition для PS4</p>\r\n\r\n<p>Покупка на турецкий аккаунт PSN</p>", "photo": "photos/2022/12/04/1q2pyWw9xQ2vwYQIW9uNJ9BL.webp", "views": 18, "price": "3700.00", "available": true, "genre": [4], "platform": [1]}}, {"model": "store.posts", "pk": 4, "fields": {"title": "FIFA 23 SE PS5", "slug": "fifa-23-se-ps5", "content": "<p>FIFA 23 Standard Edition для PS5</p>\r\n\r\n<p>Покупка на турецкий аккаунт PSN</p>", "photo": "photos/2022/12/04/1q2pyWw9xQ2vwYQIW9uNJ9BL_hV62D9k.webp", "views": 36, "price": "4300.00", "available": true, "genre": [4], "platform": [3]}}, {"model": "store.posts", "pk": 5, "fields": {"title": "Call of Duty®: Modern Warfare® II - Cross-Gen Bundle", "slug": "call-of-duty-modern-warfare-cross-gen-bundle", "content": "<p>Call of Duty&reg;: Modern Warfare&reg; II - Cross-Gen Bundle&nbsp;для PS4/PS5</p>\r\n\r\n<p>Покупка на турецкий аккаунт PSN</p>", "photo": "photos/2022/12/04/W5uSEsW7yefCNTHatS03v5q7.webp", "views": 1230, "price": "4300.00", "available": true, "genre": [1, 3], "platform": [4, 1, 5]}}, {"model": "store.posts", "pk": 6, "fields": {"title": "Elden Ring SE PS4", "slug": "elden-ring-se-ps4", "content": "<p>Elden Ring&nbsp;Standard Edition&nbsp;для PS4/PS5</p>\r\n\r\n<p>Покупка на турецкий аккаунт PSN</p>", "photo": "photos/2022/12/04/phvVT0qZfcRms5qDAk0SI3CM.webp", "views": 99, "price": "3700.00", "available": true, "genre": [1, 2], "platform": [4, 1, 3]}}, {"model": "store.posts", "pk": 7, "fields": {"title": "Resident Evil 4 SE PS4", "slug": "resident-evil-4-se-ps4", "content": "<p>Resident Evil 4&nbsp;для PS4/PS5</p>\r\n\r\n<p>Покупка на турецкий аккаунт PSN</p>", "photo": "photos/2022/12/04/85p2Dwh5iDhUzRKe40QeNYh3.webp", "views": 0, "price": "3700.00", "available": true, "genre": [1, 7, 3], "platform": [1, 3]}}, {"model": "store.carousel", "pk": 1, "fields": {"title": "Природа", "slug": "nature", "photo": "photos/carousel/2022/12/10/nature.jpg"}}, {"model": "store.carousel", "pk": 3, "fields": {"title": "olen", "slug": "olen", "photo": "photos/carousel/2022/12/10/olen.jpg"}}, {"model": "store.carousel", "pk": 4, "fields": {"title": "slovenia", "slug": "slovenia", "photo": "photos/carousel/2022/12/10/slovenia.jpg"}}, {"model": "store.order", "pk": 13, "fields": {"username": "zesshi", "email": "zesshi@mail.ru", "vk_or_telegram": "zesshi", "created": "2022-12-23T20:56:25.994Z", "updated": "2022-12-23T20:56:25.994Z", "paid": false}}, {"model": "store.order", "pk": 14, "fields": {"username": "zesshi", "email": "zesshi@mail.ru", "vk_or_telegram": "zesshi", "created": "2022-12-23T22:16:23.344Z", "updated": "2022-12-23T22:16:23.344Z", "paid": false}}, {"model": "store.order", "pk": 15, "fields": {"username": "zesshi", "email": "nightmarious@mail.ru", "vk_or_telegram": "zalupa.com", "created": "2022-12-25T21:00:35.041Z", "updated": "2022-12-25T21:00:35.042Z", "paid": false}}, {"model": "store.order", "pk": 16, "fields": {"username": "zesshi", "email": "nightmarious@mail.ru", "vk_or_telegram": "rifka.com", "created": "2022-12-25T21:02:15.485Z", "updated": "2022-12-25T21:02:15.485Z", "paid": false}}, {"model": "store.order", "pk": 17, "fields": {"username": "zesshi", "email": "nightmarious@mail.ru", "vk_or_telegram": "zxczcxzasda", "created": "2022-12-25T21:02:48.164Z", "updated": "2022-12-25T21:02:48.164Z", "paid": false}}, {"model": "store.order", "pk": 18, "fields": {"username": "70150804", "email": "nightmarious@mail.ru", "vk_or_telegram": "zalupa.com", "created": "2022-12-25T21:52:35.569Z", "updated": "2022-12-25T21:52:35.569Z", "paid": false}}, {"model": "store.orderitem", "pk": 10, "fields": {"order": 13, "product": 5, "price": "4300.00", "quantity": 1}}, {"model": "store.orderitem", "pk": 11, "fields": {"order": 14, "product": 5, "price": "4300.00", "quantity": 1}}, {"model": "store.orderitem", "pk": 12, "fields": {"order": 15, "product": 5, "price": "4300.00", "quantity": 1}}, {"model": "store.orderitem", "pk": 13, "fields": {"order": 15, "product": 6, "price": "3700.00", "quantity": 1}}, {"model": "store.orderitem", "pk": 14, "fields": {"order": 15, "product": 3, "price": "3700.00", "quantity": 1}}, {"model": "store.orderitem", "pk": 15, "fields": {"order": 16, "product": 5, "price": "4300.00", "quantity": 1}}, {"model": "store.orderitem", "pk": 16, "fields": {"order": 17, "product": 5, "price": "4300.00", "quantity": 1}}, {"model": "store.orderitem", "pk": 17, "fields": {"order": 18, "product": 5, "price": "4300.00", "quantity": 1}}]